inventory_id,standard,version,term_type,term_name,iri,prefix_local,parent,domain,range,cardinality,definition,definition_ko,concept_tag,equivalent_terms,notes,source_url,element_name_ko,element_name_en,tta_iri
TTA-0976-CV-001,TTAK.KO-10.0976,2017,EnumerationValue,feeRequired,,tta0976cv:CollectionAccessRestrictionType_feeRequired,CollectionAccessRestrictionType,"TTA-0976-118, TTA-0976-222, TTA-0976-322 (AccessRestriction × 3 layers)",,,Access requires fee payment.,비용 지불이 필요한 접근 제한.,rights.access,,Source: re3data.org dataAccessRestriction,https://committee.tta.or.kr/data/standard_view.jsp?pk_num=TTAK.KO-10.0976,비용 필요,feeRequired,
TTA-0976-CV-002,TTAK.KO-10.0976,2017,EnumerationValue,registration,,tta0976cv:CollectionAccessRestrictionType_registration,CollectionAccessRestrictionType,"TTA-0976-118, TTA-0976-222, TTA-0976-322",,,Access requires user registration.,사용자 등록이 필요한 접근 제한.,rights.access,,Source: re3data.org dataAccessRestriction,https://committee.tta.or.kr/data/standard_view.jsp?pk_num=TTAK.KO-10.0976,등록 필요,registration,
TTA-0976-CV-003,TTAK.KO-10.0976,2017,EnumerationValue,institutional membership,,tta0976cv:CollectionAccessRestrictionType_institutional_membership,CollectionAccessRestrictionType,"TTA-0976-118, TTA-0976-222, TTA-0976-322",,,Access requires institutional membership.,기관 회원 자격이 필요한 접근 제한.,rights.access,,Source: re3data.org dataAccessRestriction,https://committee.tta.or.kr/data/standard_view.jsp?pk_num=TTAK.KO-10.0976,기관 회원,institutional membership,
TTA-0976-CV-004,TTAK.KO-10.0976,2017,EnumerationValue,non-registration,,tta0976cv:CollectionAccessRestrictionType_non_registration,CollectionAccessRestrictionType,"TTA-0976-118, TTA-0976-222, TTA-0976-322",,,No registration required.,등록 불필요.,rights.access,,Source: re3data.org dataAccessRestriction,https://committee.tta.or.kr/data/standard_view.jsp?pk_num=TTAK.KO-10.0976,등록 불필요,non-registration,
TTA-0976-CV-005,TTAK.KO-10.0976,2017,EnumerationValue,free,,tta0976cv:CollectionAccessRestrictionType_free,CollectionAccessRestrictionType,"TTA-0976-118, TTA-0976-222, TTA-0976-322",,,Free access without restriction.,무료 접근.,rights.access,,Source: re3data.org dataAccessRestriction,https://committee.tta.or.kr/data/standard_view.jsp?pk_num=TTAK.KO-10.0976,무료,free,
TTA-0976-CV-006,TTAK.KO-10.0976,2017,EnumerationValue,other,,tta0976cv:CollectionAccessRestrictionType_other,CollectionAccessRestrictionType,"TTA-0976-118, TTA-0976-222, TTA-0976-322",,,Other access restriction not categorized.,기타 접근 제한.,rights.access,,Source: re3data.org dataAccessRestriction,https://committee.tta.or.kr/data/standard_view.jsp?pk_num=TTAK.KO-10.0976,기타,other,
TTA-0976-CV-007,TTAK.KO-10.0976,2017,EnumerationValue,open,,tta0976cv:CollectionAccessType_open,CollectionAccessType,"TTA-0976-117, TTA-0976-221, TTA-0976-321",,,Openly accessible.,개방 접근.,rights.access,,Source: re3data.org dataAccessType,https://committee.tta.or.kr/data/standard_view.jsp?pk_num=TTAK.KO-10.0976,개방,open,
TTA-0976-CV-008,TTAK.KO-10.0976,2017,EnumerationValue,embargoed,,tta0976cv:CollectionAccessType_embargoed,CollectionAccessType,"TTA-0976-117, TTA-0976-221, TTA-0976-321",,,Access deferred for an embargo period.,이용 지연 (embargo) 기간 동안 접근 제한.,rights.access,,Source: re3data.org dataAccessType,https://committee.tta.or.kr/data/standard_view.jsp?pk_num=TTAK.KO-10.0976,지연,embargoed,
TTA-0976-CV-009,TTAK.KO-10.0976,2017,EnumerationValue,restricted,,tta0976cv:CollectionAccessType_restricted,CollectionAccessType,"TTA-0976-117, TTA-0976-221, TTA-0976-321",,,Restricted access (conditions apply).,제한 접근.,rights.access,,Source: re3data.org dataAccessType,https://committee.tta.or.kr/data/standard_view.jsp?pk_num=TTAK.KO-10.0976,제한,restricted,
TTA-0976-CV-010,TTAK.KO-10.0976,2017,EnumerationValue,closed,,tta0976cv:CollectionAccessType_closed,CollectionAccessType,"TTA-0976-117, TTA-0976-221, TTA-0976-321",,,Closed access (not publicly available).,비공개 (접근 불가).,rights.access,,Source: re3data.org dataAccessType,https://committee.tta.or.kr/data/standard_view.jsp?pk_num=TTAK.KO-10.0976,비공개,closed,
TTA-0976-CV-011,TTAK.KO-10.0976,2017,EnumerationValue,Created,,tta0976cv:CollectionDateType_Created,CollectionDateType,"TTA-0976-107 (Collection DateType)",,,Date when the collection was created.,컬렉션이 생성된 날짜.,temporal.creation,"prov:generatedAtTime",Used by Collection layer DateType. Different from DatasetDateType which has more values,https://committee.tta.or.kr/data/standard_view.jsp?pk_num=TTAK.KO-10.0976,생성됨,Created,
TTA-0976-CV-012,TTAK.KO-10.0976,2017,EnumerationValue,Updated,,tta0976cv:CollectionDateType_Updated,CollectionDateType,"TTA-0976-107",,,Date when the collection was updated.,컬렉션이 갱신된 날짜.,temporal.modification,,Used by Collection layer DateType,https://committee.tta.or.kr/data/standard_view.jsp?pk_num=TTAK.KO-10.0976,갱신됨,Updated,
TTA-0976-CV-013,TTAK.KO-10.0976,2017,EnumerationValue,Deleted,,tta0976cv:CollectionDateType_Deleted,CollectionDateType,"TTA-0976-107",,,Date when the collection was deleted.,컬렉션이 삭제된 날짜.,temporal.modification,"prov:invalidatedAtTime",Used by Collection layer DateType,https://committee.tta.or.kr/data/standard_view.jsp?pk_num=TTAK.KO-10.0976,삭제됨,Deleted,
TTA-0976-CV-014,TTAK.KO-10.0976,2017,EnumerationValue,DFG,,tta0976cv:SubjectScheme_DFG,SubjectScheme,"TTA-0976-110, TTA-0976-213, TTA-0976-315 (SubjectScheme × 3 layers)",,,Deutsche Forschungsgemeinschaft subject classification scheme.,독일연구재단(DFG) 주제 분류 체계.,identification.keyword,,"Source: re3data.org subjectScheme. Open vocabulary — only DFG listed in spec but other schemes possible",https://committee.tta.or.kr/data/standard_view.jsp?pk_num=TTAK.KO-10.0976,DFG 분류,DFG,
TTA-0976-CV-015,TTAK.KO-10.0976,2017,EnumerationValue,ContactPerson,,tta0976cv:ContributorType_ContactPerson,ContributorType,"TTA-0976-217, TTA-0976-310 (ContributorType × Dataset/File)",,,A person to contact regarding a resource.,자원 관련 문의 담당자.,actor.contact,,Source: DataCite contributorType,https://committee.tta.or.kr/data/standard_view.jsp?pk_num=TTAK.KO-10.0976,연락 담당자,ContactPerson,
TTA-0976-CV-016,TTAK.KO-10.0976,2017,EnumerationValue,DataCollector,,tta0976cv:ContributorType_DataCollector,ContributorType,"TTA-0976-217, TTA-0976-310",,,A person/institution responsible for finding/gathering data.,데이터 수집 담당자·기관.,actor.contributor,,Source: DataCite contributorType,https://committee.tta.or.kr/data/standard_view.jsp?pk_num=TTAK.KO-10.0976,데이터 수집자,DataCollector,
TTA-0976-CV-017,TTAK.KO-10.0976,2017,EnumerationValue,DataCurator,,tta0976cv:ContributorType_DataCurator,ContributorType,"TTA-0976-217, TTA-0976-310",,,A person tasked with reviewing data and ensuring quality.,데이터 큐레이터.,actor.contributor,,Source: DataCite contributorType,https://committee.tta.or.kr/data/standard_view.jsp?pk_num=TTAK.KO-10.0976,데이터 큐레이터,DataCurator,
TTA-0976-CV-018,TTAK.KO-10.0976,2017,EnumerationValue,DataManager,,tta0976cv:ContributorType_DataManager,ContributorType,"TTA-0976-217, TTA-0976-310",,,A person responsible for ongoing maintenance of data.,데이터 관리자.,actor.contributor,,Source: DataCite contributorType,https://committee.tta.or.kr/data/standard_view.jsp?pk_num=TTAK.KO-10.0976,데이터 관리자,DataManager,
TTA-0976-CV-019,TTAK.KO-10.0976,2017,EnumerationValue,Distributor,,tta0976cv:ContributorType_Distributor,ContributorType,"TTA-0976-217, TTA-0976-310",,,An institution responsible for distributing data.,데이터 배포 기관.,actor.contributor,,Source: DataCite contributorType,https://committee.tta.or.kr/data/standard_view.jsp?pk_num=TTAK.KO-10.0976,배포자,Distributor,
TTA-0976-CV-020,TTAK.KO-10.0976,2017,EnumerationValue,Editor,,tta0976cv:ContributorType_Editor,ContributorType,"TTA-0976-217, TTA-0976-310",,,A person who oversees the details related to publication.,편집자.,actor.contributor,,Source: DataCite contributorType,https://committee.tta.or.kr/data/standard_view.jsp?pk_num=TTAK.KO-10.0976,편집자,Editor,
TTA-0976-CV-021,TTAK.KO-10.0976,2017,EnumerationValue,Funder,,tta0976cv:ContributorType_Funder,ContributorType,"TTA-0976-217, TTA-0976-310",,,An organization that provides financial support.,자금 지원 기관.,actor.contributor,,Source: DataCite contributorType,https://committee.tta.or.kr/data/standard_view.jsp?pk_num=TTAK.KO-10.0976,후원 기관,Funder,
TTA-0976-CV-022,TTAK.KO-10.0976,2017,EnumerationValue,HostingInstitution,,tta0976cv:ContributorType_HostingInstitution,ContributorType,"TTA-0976-217, TTA-0976-310",,,The organization hosting the data.,데이터 호스팅 기관.,actor.contributor,,Source: DataCite contributorType,https://committee.tta.or.kr/data/standard_view.jsp?pk_num=TTAK.KO-10.0976,호스팅 기관,HostingInstitution,
TTA-0976-CV-023,TTAK.KO-10.0976,2017,EnumerationValue,Producer,,tta0976cv:ContributorType_Producer,ContributorType,"TTA-0976-217, TTA-0976-310",,,A person/organization responsible for the artistry/composition.,제작자.,actor.contributor,,Source: DataCite contributorType,https://committee.tta.or.kr/data/standard_view.jsp?pk_num=TTAK.KO-10.0976,제작자,Producer,
TTA-0976-CV-024,TTAK.KO-10.0976,2017,EnumerationValue,ProjectLeader,,tta0976cv:ContributorType_ProjectLeader,ContributorType,"TTA-0976-217, TTA-0976-310",,,A person designated as principal investigator/leader of a project.,프로젝트 리더.,actor.contributor,,Source: DataCite contributorType,https://committee.tta.or.kr/data/standard_view.jsp?pk_num=TTAK.KO-10.0976,프로젝트 리더,ProjectLeader,
TTA-0976-CV-025,TTAK.KO-10.0976,2017,EnumerationValue,ProjectManager,,tta0976cv:ContributorType_ProjectManager,ContributorType,"TTA-0976-217, TTA-0976-310",,,A person who manages a research project.,프로젝트 관리자.,actor.contributor,,Source: DataCite contributorType,https://committee.tta.or.kr/data/standard_view.jsp?pk_num=TTAK.KO-10.0976,프로젝트 관리자,ProjectManager,
TTA-0976-CV-026,TTAK.KO-10.0976,2017,EnumerationValue,ProjectMember,,tta0976cv:ContributorType_ProjectMember,ContributorType,"TTA-0976-217, TTA-0976-310",,,A person who participates in a research project.,프로젝트 구성원.,actor.contributor,,Source: DataCite contributorType,https://committee.tta.or.kr/data/standard_view.jsp?pk_num=TTAK.KO-10.0976,프로젝트 구성원,ProjectMember,
TTA-0976-CV-027,TTAK.KO-10.0976,2017,EnumerationValue,RegistrationAgency,,tta0976cv:ContributorType_RegistrationAgency,ContributorType,"TTA-0976-217, TTA-0976-310",,,An institution acting as a DataCite registration agent.,등록 대행 기관.,actor.contributor,,Source: DataCite contributorType,https://committee.tta.or.kr/data/standard_view.jsp?pk_num=TTAK.KO-10.0976,등록 대행,RegistrationAgency,
TTA-0976-CV-028,TTAK.KO-10.0976,2017,EnumerationValue,RegistrationAuthority,,tta0976cv:ContributorType_RegistrationAuthority,ContributorType,"TTA-0976-217, TTA-0976-310",,,An institution serving as registration authority.,등록 권한 기관.,actor.contributor,,Source: DataCite contributorType,https://committee.tta.or.kr/data/standard_view.jsp?pk_num=TTAK.KO-10.0976,등록 권한,RegistrationAuthority,
TTA-0976-CV-029,TTAK.KO-10.0976,2017,EnumerationValue,RelatedPerson,,tta0976cv:ContributorType_RelatedPerson,ContributorType,"TTA-0976-217, TTA-0976-310",,,A person without specifically defined role.,역할이 명시되지 않은 관련 인물.,actor.contributor,,Source: DataCite contributorType,https://committee.tta.or.kr/data/standard_view.jsp?pk_num=TTAK.KO-10.0976,관련 인물,RelatedPerson,
TTA-0976-CV-030,TTAK.KO-10.0976,2017,EnumerationValue,Researcher,,tta0976cv:ContributorType_Researcher,ContributorType,"TTA-0976-217, TTA-0976-310",,,A person involved in analyzing data or the results of an experiment.,연구자.,actor.contributor,,Source: DataCite contributorType,https://committee.tta.or.kr/data/standard_view.jsp?pk_num=TTAK.KO-10.0976,연구자,Researcher,
TTA-0976-CV-031,TTAK.KO-10.0976,2017,EnumerationValue,ResearchGroup,,tta0976cv:ContributorType_ResearchGroup,ContributorType,"TTA-0976-217, TTA-0976-310",,,A group of researchers working towards a common research goal.,연구 그룹.,actor.contributor,,Source: DataCite contributorType,https://committee.tta.or.kr/data/standard_view.jsp?pk_num=TTAK.KO-10.0976,연구 그룹,ResearchGroup,
TTA-0976-CV-032,TTAK.KO-10.0976,2017,EnumerationValue,RightsHolder,,tta0976cv:ContributorType_RightsHolder,ContributorType,"TTA-0976-217, TTA-0976-310",,,A person/institution owning or managing property rights.,권리 보유자.,actor.contributor,"prov:RightsHolder, dcterms:rightsHolder",Source: DataCite contributorType,https://committee.tta.or.kr/data/standard_view.jsp?pk_num=TTAK.KO-10.0976,권리 보유자,RightsHolder,
TTA-0976-CV-033,TTAK.KO-10.0976,2017,EnumerationValue,Sponsor,,tta0976cv:ContributorType_Sponsor,ContributorType,"TTA-0976-217, TTA-0976-310",,,A person/organization that sponsors the resource.,후원자.,actor.contributor,,Source: DataCite contributorType,https://committee.tta.or.kr/data/standard_view.jsp?pk_num=TTAK.KO-10.0976,후원자,Sponsor,
TTA-0976-CV-034,TTAK.KO-10.0976,2017,EnumerationValue,Supervisor,,tta0976cv:ContributorType_Supervisor,ContributorType,"TTA-0976-217, TTA-0976-310",,,A person who oversees the work of others.,지도자·감독자.,actor.contributor,,Source: DataCite contributorType,https://committee.tta.or.kr/data/standard_view.jsp?pk_num=TTAK.KO-10.0976,지도자,Supervisor,
TTA-0976-CV-035,TTAK.KO-10.0976,2017,EnumerationValue,WorkPackageLeader,,tta0976cv:ContributorType_WorkPackageLeader,ContributorType,"TTA-0976-217, TTA-0976-310",,,A leader of a defined work package within a project.,워크패키지 리더.,actor.contributor,,Source: DataCite contributorType,https://committee.tta.or.kr/data/standard_view.jsp?pk_num=TTAK.KO-10.0976,워크패키지 리더,WorkPackageLeader,
TTA-0976-CV-036,TTAK.KO-10.0976,2017,EnumerationValue,Other (ContributorType),,tta0976cv:ContributorType_Other,ContributorType,"TTA-0976-217, TTA-0976-310",,,Any contribution not described by other DataCite values.,기타 (위 분류에 없음).,actor.contributor,,Source: DataCite contributorType. Disambiguated from other categories' 'other',https://committee.tta.or.kr/data/standard_view.jsp?pk_num=TTAK.KO-10.0976,기타,Other,
TTA-0976-CV-037,TTAK.KO-10.0976,2017,EnumerationValue,open (DatabaseAccessType),,tta0976cv:DatabaseAccessType_open,DatabaseAccessType,"TTA-0976-015 (Repository DatabaseAccessType)",,,Database openly accessible.,데이터베이스 개방 접근.,rights.access,,Source: re3data.org databaseAccessType,https://committee.tta.or.kr/data/standard_view.jsp?pk_num=TTAK.KO-10.0976,개방,open,
TTA-0976-CV-038,TTAK.KO-10.0976,2017,EnumerationValue,restricted (DatabaseAccessType),,tta0976cv:DatabaseAccessType_restricted,DatabaseAccessType,"TTA-0976-015",,,Database access restricted.,데이터베이스 제한 접근.,rights.access,,Source: re3data.org databaseAccessType,https://committee.tta.or.kr/data/standard_view.jsp?pk_num=TTAK.KO-10.0976,제한,restricted,
TTA-0976-CV-039,TTAK.KO-10.0976,2017,EnumerationValue,closed (DatabaseAccessType),,tta0976cv:DatabaseAccessType_closed,DatabaseAccessType,"TTA-0976-015",,,Database not publicly accessible.,데이터베이스 비공개.,rights.access,,Source: re3data.org databaseAccessType,https://committee.tta.or.kr/data/standard_view.jsp?pk_num=TTAK.KO-10.0976,비공개,closed,
TTA-0976-CV-040,TTAK.KO-10.0976,2017,EnumerationValue,Accepted,,tta0976cv:DatasetDateType_Accepted,DatasetDateType,"TTA-0976-210, TTA-0976-312 (DateType × Dataset/File)",,,Date that the publisher accepted the resource into their system.,발행자가 자원을 시스템에 수용한 날짜.,temporal.coverage,,Source: DataCite dateType,https://committee.tta.or.kr/data/standard_view.jsp?pk_num=TTAK.KO-10.0976,수용됨,Accepted,
TTA-0976-CV-041,TTAK.KO-10.0976,2017,EnumerationValue,Available,,tta0976cv:DatasetDateType_Available,DatasetDateType,"TTA-0976-210, TTA-0976-312",,,Date the resource is made publicly available.,자원이 공개 가능해진 날짜.,temporal.coverage,,Source: DataCite dateType,https://committee.tta.or.kr/data/standard_view.jsp?pk_num=TTAK.KO-10.0976,이용 가능,Available,
TTA-0976-CV-042,TTAK.KO-10.0976,2017,EnumerationValue,Copyrighted,,tta0976cv:DatasetDateType_Copyrighted,DatasetDateType,"TTA-0976-210, TTA-0976-312",,,Date when copyright was first asserted.,저작권 주장 시점.,temporal.coverage,"prov:hadPrimarySource (loose)",Source: DataCite dateType,https://committee.tta.or.kr/data/standard_view.jsp?pk_num=TTAK.KO-10.0976,저작권,Copyrighted,
TTA-0976-CV-043,TTAK.KO-10.0976,2017,EnumerationValue,Collected,,tta0976cv:DatasetDateType_Collected,DatasetDateType,"TTA-0976-210, TTA-0976-312",,,Date or date range in which the resource content was collected.,자원 내용이 수집된 날짜·기간.,temporal.coverage,,Source: DataCite dateType,https://committee.tta.or.kr/data/standard_view.jsp?pk_num=TTAK.KO-10.0976,수집됨,Collected,
TTA-0976-CV-044,TTAK.KO-10.0976,2017,EnumerationValue,Created (DatasetDateType),,tta0976cv:DatasetDateType_Created,DatasetDateType,"TTA-0976-210, TTA-0976-312",,,Date the resource itself was put together.,자원 자체가 만들어진 날짜.,temporal.creation,"prov:generatedAtTime",Source: DataCite dateType. Different from CollectionDateType_Created,https://committee.tta.or.kr/data/standard_view.jsp?pk_num=TTAK.KO-10.0976,생성됨,Created,
TTA-0976-CV-045,TTAK.KO-10.0976,2017,EnumerationValue,Issued,,tta0976cv:DatasetDateType_Issued,DatasetDateType,"TTA-0976-210, TTA-0976-312",,,Date that the resource is published or distributed.,자원이 발행·배포된 날짜.,temporal.creation,"dcterms:issued",Source: DataCite dateType,https://committee.tta.or.kr/data/standard_view.jsp?pk_num=TTAK.KO-10.0976,발행됨,Issued,
TTA-0976-CV-046,TTAK.KO-10.0976,2017,EnumerationValue,Submitted,,tta0976cv:DatasetDateType_Submitted,DatasetDateType,"TTA-0976-210, TTA-0976-312",,,Date the creator submits the resource to the publisher.,생성자가 자원을 발행자에게 제출한 날짜.,temporal.coverage,,Source: DataCite dateType,https://committee.tta.or.kr/data/standard_view.jsp?pk_num=TTAK.KO-10.0976,제출됨,Submitted,
TTA-0976-CV-047,TTAK.KO-10.0976,2017,EnumerationValue,Updated (DatasetDateType),,tta0976cv:DatasetDateType_Updated,DatasetDateType,"TTA-0976-210, TTA-0976-312",,,Date of the last update to the resource.,자원의 마지막 갱신 날짜.,temporal.modification,"dcterms:modified, prov:wasRevisionOf (boundary)",Source: DataCite dateType. Different from CollectionDateType_Updated,https://committee.tta.or.kr/data/standard_view.jsp?pk_num=TTAK.KO-10.0976,갱신됨,Updated,
TTA-0976-CV-048,TTAK.KO-10.0976,2017,EnumerationValue,Valid,,tta0976cv:DatasetDateType_Valid,DatasetDateType,"TTA-0976-210, TTA-0976-312",,,Date or range during which the dataset was/is valid.,데이터셋이 유효한 날짜·기간.,temporal.coverage,,Source: DataCite dateType,https://committee.tta.or.kr/data/standard_view.jsp?pk_num=TTAK.KO-10.0976,유효,Valid,
TTA-0976-CV-049,TTAK.KO-10.0976,2017,EnumerationValue,open (DataUploadType),,tta0976cv:DataUploadType_open,DataUploadType,"TTA-0976-019 (Repository DataUpload)",,,Anyone can upload data.,누구나 업로드 가능.,uncategorized,,Source: re3data.org dataUploadType,https://committee.tta.or.kr/data/standard_view.jsp?pk_num=TTAK.KO-10.0976,개방 업로드,open,
TTA-0976-CV-050,TTAK.KO-10.0976,2017,EnumerationValue,restricted (DataUploadType),,tta0976cv:DataUploadType_restricted,DataUploadType,"TTA-0976-019",,,Restricted upload.,제한된 업로드.,uncategorized,,Source: re3data.org dataUploadType,https://committee.tta.or.kr/data/standard_view.jsp?pk_num=TTAK.KO-10.0976,제한 업로드,restricted,
TTA-0976-CV-051,TTAK.KO-10.0976,2017,EnumerationValue,closed (DataUploadType),,tta0976cv:DataUploadType_closed,DataUploadType,"TTA-0976-019",,,No external uploads accepted.,업로드 불가.,uncategorized,,Source: re3data.org dataUploadType,https://committee.tta.or.kr/data/standard_view.jsp?pk_num=TTAK.KO-10.0976,업로드 불가,closed,
TTA-0976-CV-052,TTAK.KO-10.0976,2017,EnumerationValue,yes (EnhancedPublication),,tta0976cv:EnhancedPublication_yes,EnhancedPublication,"TTA-0976-021 (Repository EnhancedPublication)",,,Repository supports enhanced publication.,Enhanced Publication 지원.,uncategorized,,Source: re3data.org enhancedPublication,https://committee.tta.or.kr/data/standard_view.jsp?pk_num=TTAK.KO-10.0976,지원,yes,
TTA-0976-CV-053,TTAK.KO-10.0976,2017,EnumerationValue,no (EnhancedPublication),,tta0976cv:EnhancedPublication_no,EnhancedPublication,"TTA-0976-021",,,Repository does not support enhanced publication.,Enhanced Publication 미지원.,uncategorized,,Source: re3data.org enhancedPublication,https://committee.tta.or.kr/data/standard_view.jsp?pk_num=TTAK.KO-10.0976,미지원,no,
TTA-0976-CV-054,TTAK.KO-10.0976,2017,EnumerationValue,unknown (EnhancedPublication),,tta0976cv:EnhancedPublication_unknown,EnhancedPublication,"TTA-0976-021",,,Support status is unknown.,지원 여부 불명.,uncategorized,,Source: re3data.org enhancedPublication,https://committee.tta.or.kr/data/standard_view.jsp?pk_num=TTAK.KO-10.0976,불명,unknown,
TTA-0976-CV-055,TTAK.KO-10.0976,2017,EnumerationValue,Byte,,tta0976cv:FileSizeUnitType_Byte,FileSizeUnitType,"TTA-0976-327 (File Size Unit)",,,File size unit: bytes.,바이트 단위.,distribution.size,,Smallest unit (1 B),https://committee.tta.or.kr/data/standard_view.jsp?pk_num=TTAK.KO-10.0976,바이트,Byte,
TTA-0976-CV-056,TTAK.KO-10.0976,2017,EnumerationValue,Mega Byte,,tta0976cv:FileSizeUnitType_MegaByte,FileSizeUnitType,"TTA-0976-327",,,File size unit: mega bytes (1 MB = 10^6 B).,메가바이트 단위.,distribution.size,,,https://committee.tta.or.kr/data/standard_view.jsp?pk_num=TTAK.KO-10.0976,메가바이트,Mega Byte,
TTA-0976-CV-057,TTAK.KO-10.0976,2017,EnumerationValue,Giga Byte,,tta0976cv:FileSizeUnitType_GigaByte,FileSizeUnitType,"TTA-0976-327",,,File size unit: giga bytes (1 GB = 10^9 B).,기가바이트 단위.,distribution.size,,,https://committee.tta.or.kr/data/standard_view.jsp?pk_num=TTAK.KO-10.0976,기가바이트,Giga Byte,
TTA-0976-CV-058,TTAK.KO-10.0976,2017,EnumerationValue,Tera Byte,,tta0976cv:FileSizeUnitType_TeraByte,FileSizeUnitType,"TTA-0976-327",,,File size unit: tera bytes (1 TB = 10^12 B).,테라바이트 단위.,distribution.size,,,https://committee.tta.or.kr/data/standard_view.jsp?pk_num=TTAK.KO-10.0976,테라바이트,Tera Byte,
TTA-0976-CV-059,TTAK.KO-10.0976,2017,EnumerationValue,Event,,tta0976cv:FileType_Event,FileType,"TTA-0976-324 (File Type)",,,A non-persistent time-based occurrence.,일시적 사건.,uncategorized,"dctype:Event",Source: DCMI Type Vocabulary,https://committee.tta.or.kr/data/standard_view.jsp?pk_num=TTAK.KO-10.0976,이벤트,Event,
TTA-0976-CV-060,TTAK.KO-10.0976,2017,EnumerationValue,Image,,tta0976cv:FileType_Image,FileType,"TTA-0976-324",,,A visual representation other than text.,시각 표현물.,uncategorized,"dctype:Image",Source: DCMI Type Vocabulary,https://committee.tta.or.kr/data/standard_view.jsp?pk_num=TTAK.KO-10.0976,이미지,Image,
TTA-0976-CV-061,TTAK.KO-10.0976,2017,EnumerationValue,InteractiveResource,,tta0976cv:FileType_InteractiveResource,FileType,"TTA-0976-324",,,A resource requiring interaction from the user to be understood.,사용자 상호작용이 필요한 자원.,uncategorized,"dctype:InteractiveResource",Source: DCMI Type Vocabulary,https://committee.tta.or.kr/data/standard_view.jsp?pk_num=TTAK.KO-10.0976,상호작용 자원,InteractiveResource,
TTA-0976-CV-062,TTAK.KO-10.0976,2017,EnumerationValue,MovingImage,,tta0976cv:FileType_MovingImage,FileType,"TTA-0976-324",,,A series of visual representations imparting an impression of motion when shown in succession.,동영상.,uncategorized,"dctype:MovingImage",Source: DCMI Type Vocabulary,https://committee.tta.or.kr/data/standard_view.jsp?pk_num=TTAK.KO-10.0976,동영상,MovingImage,
TTA-0976-CV-063,TTAK.KO-10.0976,2017,EnumerationValue,PhysicalObject,,tta0976cv:FileType_PhysicalObject,FileType,"TTA-0976-324",,,An inanimate three-dimensional object or substance.,물리 객체.,uncategorized,"dctype:PhysicalObject",Source: DCMI Type Vocabulary,https://committee.tta.or.kr/data/standard_view.jsp?pk_num=TTAK.KO-10.0976,물리 객체,PhysicalObject,
TTA-0976-CV-064,TTAK.KO-10.0976,2017,EnumerationValue,Service,,tta0976cv:FileType_Service,FileType,"TTA-0976-324",,,A system that provides one or more functions.,서비스.,uncategorized,"dctype:Service",Source: DCMI Type Vocabulary,https://committee.tta.or.kr/data/standard_view.jsp?pk_num=TTAK.KO-10.0976,서비스,Service,
TTA-0976-CV-065,TTAK.KO-10.0976,2017,EnumerationValue,Software,,tta0976cv:FileType_Software,FileType,"TTA-0976-324",,,A computer program in source or compiled form.,소프트웨어.,uncategorized,"dctype:Software",Source: DCMI Type Vocabulary,https://committee.tta.or.kr/data/standard_view.jsp?pk_num=TTAK.KO-10.0976,소프트웨어,Software,
TTA-0976-CV-066,TTAK.KO-10.0976,2017,EnumerationValue,Sound,,tta0976cv:FileType_Sound,FileType,"TTA-0976-324",,,A resource primarily intended to be heard.,음향 자원.,uncategorized,"dctype:Sound",Source: DCMI Type Vocabulary,https://committee.tta.or.kr/data/standard_view.jsp?pk_num=TTAK.KO-10.0976,음향,Sound,
TTA-0976-CV-067,TTAK.KO-10.0976,2017,EnumerationValue,StillImage,,tta0976cv:FileType_StillImage,FileType,"TTA-0976-324",,,A static visual representation.,정지 이미지.,uncategorized,"dctype:StillImage",Source: DCMI Type Vocabulary,https://committee.tta.or.kr/data/standard_view.jsp?pk_num=TTAK.KO-10.0976,정지 이미지,StillImage,
TTA-0976-CV-068,TTAK.KO-10.0976,2017,EnumerationValue,Text,,tta0976cv:FileType_Text,FileType,"TTA-0976-324",,,A resource consisting primarily of words for reading.,텍스트.,uncategorized,"dctype:Text",Source: DCMI Type Vocabulary,https://committee.tta.or.kr/data/standard_view.jsp?pk_num=TTAK.KO-10.0976,텍스트,Text,
TTA-0976-CV-069,TTAK.KO-10.0976,2017,EnumerationValue,other (FileType),,tta0976cv:FileType_other,FileType,"TTA-0976-324",,,Other type not categorized.,기타 (위 분류에 없음).,uncategorized,,DCMI standard does not include 'other'; TTA-specific addition,https://committee.tta.or.kr/data/standard_view.jsp?pk_num=TTAK.KO-10.0976,기타,other,
TTA-0976-CV-070,TTAK.KO-10.0976,2017,EnumerationValue,ARK,,tta0976cv:IdentifierType_ARK,IdentifierType,"TTA-0976-004, TTA-0976-103, TTA-0976-203, TTA-0976-303 (IdentifierType × 4 layers)",,,Archival Resource Key identifier.,ARK 식별자.,identification.identifier,,Source: DataCite relatedIdentifierType,https://committee.tta.or.kr/data/standard_view.jsp?pk_num=TTAK.KO-10.0976,ARK,ARK,
TTA-0976-CV-071,TTAK.KO-10.0976,2017,EnumerationValue,arXiv,,tta0976cv:IdentifierType_arXiv,IdentifierType,"TTA-0976-004, TTA-0976-103, TTA-0976-203, TTA-0976-303",,,arXiv preprint identifier.,arXiv 식별자.,identification.identifier,,Source: DataCite relatedIdentifierType,https://committee.tta.or.kr/data/standard_view.jsp?pk_num=TTAK.KO-10.0976,arXiv,arXiv,
TTA-0976-CV-072,TTAK.KO-10.0976,2017,EnumerationValue,bibcode,,tta0976cv:IdentifierType_bibcode,IdentifierType,"TTA-0976-004, TTA-0976-103, TTA-0976-203, TTA-0976-303",,,"Bibliographic code (e.g., NASA ADS).",bibcode (NASA ADS 등).,identification.identifier,,Source: DataCite relatedIdentifierType,https://committee.tta.or.kr/data/standard_view.jsp?pk_num=TTAK.KO-10.0976,bibcode,bibcode,
TTA-0976-CV-073,TTAK.KO-10.0976,2017,EnumerationValue,DOI,,tta0976cv:IdentifierType_DOI,IdentifierType,"TTA-0976-004, TTA-0976-103, TTA-0976-203, TTA-0976-303",,,Digital Object Identifier.,DOI (디지털 객체 식별자).,identification.identifier,,Source: DataCite relatedIdentifierType. 가장 흔한 식별자 유형,https://committee.tta.or.kr/data/standard_view.jsp?pk_num=TTAK.KO-10.0976,DOI,DOI,
TTA-0976-CV-074,TTAK.KO-10.0976,2017,EnumerationValue,EAN13,,tta0976cv:IdentifierType_EAN13,IdentifierType,"TTA-0976-004, TTA-0976-103, TTA-0976-203, TTA-0976-303",,,European Article Number 13-digit barcode.,EAN13 바코드.,identification.identifier,,Source: DataCite relatedIdentifierType,https://committee.tta.or.kr/data/standard_view.jsp?pk_num=TTAK.KO-10.0976,EAN13,EAN13,
TTA-0976-CV-075,TTAK.KO-10.0976,2017,EnumerationValue,EISSN,,tta0976cv:IdentifierType_EISSN,IdentifierType,"TTA-0976-004, TTA-0976-103, TTA-0976-203, TTA-0976-303",,,Electronic ISSN.,EISSN (전자판 ISSN).,identification.identifier,,Source: DataCite relatedIdentifierType,https://committee.tta.or.kr/data/standard_view.jsp?pk_num=TTAK.KO-10.0976,EISSN,EISSN,
TTA-0976-CV-076,TTAK.KO-10.0976,2017,EnumerationValue,Handle,,tta0976cv:IdentifierType_Handle,IdentifierType,"TTA-0976-004, TTA-0976-103, TTA-0976-203, TTA-0976-303",,,Handle System identifier.,Handle 식별자.,identification.identifier,,Source: DataCite relatedIdentifierType,https://committee.tta.or.kr/data/standard_view.jsp?pk_num=TTAK.KO-10.0976,Handle,Handle,
TTA-0976-CV-077,TTAK.KO-10.0976,2017,EnumerationValue,ISBN,,tta0976cv:IdentifierType_ISBN,IdentifierType,"TTA-0976-004, TTA-0976-103, TTA-0976-203, TTA-0976-303",,,International Standard Book Number.,ISBN (국제표준도서번호).,identification.identifier,,Source: DataCite relatedIdentifierType,https://committee.tta.or.kr/data/standard_view.jsp?pk_num=TTAK.KO-10.0976,ISBN,ISBN,
TTA-0976-CV-078,TTAK.KO-10.0976,2017,EnumerationValue,ISSN,,tta0976cv:IdentifierType_ISSN,IdentifierType,"TTA-0976-004, TTA-0976-103, TTA-0976-203, TTA-0976-303",,,International Standard Serial Number.,ISSN (국제표준연속간행물번호).,identification.identifier,"schema:issn",Source: DataCite relatedIdentifierType,https://committee.tta.or.kr/data/standard_view.jsp?pk_num=TTAK.KO-10.0976,ISSN,ISSN,
TTA-0976-CV-079,TTAK.KO-10.0976,2017,EnumerationValue,ISTC,,tta0976cv:IdentifierType_ISTC,IdentifierType,"TTA-0976-004, TTA-0976-103, TTA-0976-203, TTA-0976-303",,,International Standard Text Code.,ISTC (국제표준텍스트코드).,identification.identifier,,Source: DataCite relatedIdentifierType,https://committee.tta.or.kr/data/standard_view.jsp?pk_num=TTAK.KO-10.0976,ISTC,ISTC,
TTA-0976-CV-080,TTAK.KO-10.0976,2017,EnumerationValue,LISSN,,tta0976cv:IdentifierType_LISSN,IdentifierType,"TTA-0976-004, TTA-0976-103, TTA-0976-203, TTA-0976-303",,,Linking ISSN.,LISSN (연결 ISSN).,identification.identifier,,Source: DataCite relatedIdentifierType,https://committee.tta.or.kr/data/standard_view.jsp?pk_num=TTAK.KO-10.0976,LISSN,LISSN,
TTA-0976-CV-081,TTAK.KO-10.0976,2017,EnumerationValue,LSID,,tta0976cv:IdentifierType_LSID,IdentifierType,"TTA-0976-004, TTA-0976-103, TTA-0976-203, TTA-0976-303",,,Life Science Identifier.,LSID (생명과학 식별자).,identification.identifier,,Source: DataCite relatedIdentifierType,https://committee.tta.or.kr/data/standard_view.jsp?pk_num=TTAK.KO-10.0976,LSID,LSID,
TTA-0976-CV-082,TTAK.KO-10.0976,2017,EnumerationValue,PMID,,tta0976cv:IdentifierType_PMID,IdentifierType,"TTA-0976-004, TTA-0976-103, TTA-0976-203, TTA-0976-303",,,PubMed ID.,PMID (PubMed 식별자).,identification.identifier,,Source: DataCite relatedIdentifierType,https://committee.tta.or.kr/data/standard_view.jsp?pk_num=TTAK.KO-10.0976,PMID,PMID,
TTA-0976-CV-083,TTAK.KO-10.0976,2017,EnumerationValue,PURL,,tta0976cv:IdentifierType_PURL,IdentifierType,"TTA-0976-004, TTA-0976-103, TTA-0976-203, TTA-0976-303",,,Persistent URL.,PURL (영속 URL).,identification.identifier,,Source: DataCite relatedIdentifierType,https://committee.tta.or.kr/data/standard_view.jsp?pk_num=TTAK.KO-10.0976,PURL,PURL,
TTA-0976-CV-084,TTAK.KO-10.0976,2017,EnumerationValue,UPC,,tta0976cv:IdentifierType_UPC,IdentifierType,"TTA-0976-004, TTA-0976-103, TTA-0976-203, TTA-0976-303",,,Universal Product Code.,UPC (제품 코드).,identification.identifier,,Source: DataCite relatedIdentifierType,https://committee.tta.or.kr/data/standard_view.jsp?pk_num=TTAK.KO-10.0976,UPC,UPC,
TTA-0976-CV-085,TTAK.KO-10.0976,2017,EnumerationValue,URL,,tta0976cv:IdentifierType_URL,IdentifierType,"TTA-0976-004, TTA-0976-103, TTA-0976-203, TTA-0976-303",,,Uniform Resource Locator.,URL (웹주소).,identification.identifier,,Source: DataCite relatedIdentifierType,https://committee.tta.or.kr/data/standard_view.jsp?pk_num=TTAK.KO-10.0976,URL,URL,
TTA-0976-CV-086,TTAK.KO-10.0976,2017,EnumerationValue,URN,,tta0976cv:IdentifierType_URN,IdentifierType,"TTA-0976-004, TTA-0976-103, TTA-0976-203, TTA-0976-303",,,Uniform Resource Name.,URN.,identification.identifier,,Source: DataCite relatedIdentifierType,https://committee.tta.or.kr/data/standard_view.jsp?pk_num=TTAK.KO-10.0976,URN,URN,
TTA-0976-CV-087,TTAK.KO-10.0976,2017,EnumerationValue,URI,,tta0976cv:IdentifierType_URI,IdentifierType,"TTA-0976-004, TTA-0976-103, TTA-0976-203, TTA-0976-303",,,Uniform Resource Identifier.,URI.,identification.identifier,,Source: DataCite relatedIdentifierType,https://committee.tta.or.kr/data/standard_view.jsp?pk_num=TTAK.KO-10.0976,URI,URI,
TTA-0976-CV-088,TTAK.KO-10.0976,2017,EnumerationValue,UCI,,tta0976cv:IdentifierType_UCI,IdentifierType,"TTA-0976-004, TTA-0976-103, TTA-0976-203, TTA-0976-303",,,한국 국가표준 디지털콘텐츠식별체계.,UCI (한국 디지털콘텐츠 식별체계).,identification.identifier,,한국 자체 식별자. DataCite 외 추가,https://committee.tta.or.kr/data/standard_view.jsp?pk_num=TTAK.KO-10.0976,UCI,UCI,
TTA-0976-CV-089,TTAK.KO-10.0976,2017,EnumerationValue,(open vocabulary - InstitutionCountry),,tta0976cv:InstitutionCountry_OPEN,InstitutionCountry,"TTA-0976-014",,,"Open vocabulary referencing ISO 3166-1 alpha-2 codes (e.g., KR, US, DE, JP). 통제어 자체는 외부 표준에 위임.","ISO 3166-1 alpha-2 코드 참조 (개방형). KR, US, DE, JP 등.",spatial.coverage,,"Open vocabulary marker. 실제 코드 값은 ISO 3166-1 alpha-2 표준 직접 참조. [OVERRIDE: alpha-2 적용 — Decision-002]",https://committee.tta.or.kr/data/standard_view.jsp?pk_num=TTAK.KO-10.0976,국가 코드,Country Code,
TTA-0976-CV-090,TTAK.KO-10.0976,2017,EnumerationValue,(open vocabulary - Language),,tta0976cv:Language_OPEN,Language,"TTA-0976-008 (Repository Language)",,,"Open vocabulary referencing ISO 639-3 codes (e.g., kor, eng, deu, fra). 통제어 자체는 외부 표준에 위임.","ISO 639-3 코드 참조 (개방형). kor, eng, deu, fra 등.",uncategorized,,Open vocabulary marker. 실제 코드 값은 ISO 639-3 표준 직접 참조,https://committee.tta.or.kr/data/standard_view.jsp?pk_num=TTAK.KO-10.0976,언어 코드,Language Code,
TTA-0976-CV-091,TTAK.KO-10.0976,2017,EnumerationValue,yes (QualityManagement),,tta0976cv:QualityManagement_yes,QualityManagement,"TTA-0976-022 (Repository QualityManagement)",,,Repository performs quality management.,품질관리 수행.,quality.general,"dqv:hasQualityMetadata (activates Boolean Activation Slot)","Source: re3data.org qualityManagement. ★ Decision-Q4: yes일 때만 DQV 슬롯 활성",https://committee.tta.or.kr/data/standard_view.jsp?pk_num=TTAK.KO-10.0976,수행,yes,
TTA-0976-CV-092,TTAK.KO-10.0976,2017,EnumerationValue,no (QualityManagement),,tta0976cv:QualityManagement_no,QualityManagement,"TTA-0976-022",,,Repository does not perform quality management.,품질관리 미수행.,quality.general,,Source: re3data.org qualityManagement,https://committee.tta.or.kr/data/standard_view.jsp?pk_num=TTAK.KO-10.0976,미수행,no,
TTA-0976-CV-093,TTAK.KO-10.0976,2017,EnumerationValue,unknown (QualityManagement),,tta0976cv:QualityManagement_unknown,QualityManagement,"TTA-0976-022",,,Quality management status unknown.,품질관리 여부 불명.,quality.general,,Source: re3data.org qualityManagement,https://committee.tta.or.kr/data/standard_view.jsp?pk_num=TTAK.KO-10.0976,불명,unknown,
TTA-0976-CV-094,TTAK.KO-10.0976,2017,EnumerationValue,disciplinary,,tta0976cv:RepositoryType_disciplinary,RepositoryType,"TTA-0976-007 (Repository Type)",,,A repository serving a specific scientific discipline.,특정 학문 분야 리포지터리.,uncategorized,,Source: re3data.org type,https://committee.tta.or.kr/data/standard_view.jsp?pk_num=TTAK.KO-10.0976,학문 분야,disciplinary,
TTA-0976-CV-095,TTAK.KO-10.0976,2017,EnumerationValue,governmental,,tta0976cv:RepositoryType_governmental,RepositoryType,"TTA-0976-007",,,A repository operated by government.,정부 운영 리포지터리.,uncategorized,,Source: re3data.org type,https://committee.tta.or.kr/data/standard_view.jsp?pk_num=TTAK.KO-10.0976,정부,governmental,
TTA-0976-CV-096,TTAK.KO-10.0976,2017,EnumerationValue,institutional,,tta0976cv:RepositoryType_institutional,RepositoryType,"TTA-0976-007",,,A repository operated by an institution.,기관 운영 리포지터리.,uncategorized,,Source: re3data.org type,https://committee.tta.or.kr/data/standard_view.jsp?pk_num=TTAK.KO-10.0976,기관,institutional,
TTA-0976-CV-097,TTAK.KO-10.0976,2017,EnumerationValue,multidisciplinary,,tta0976cv:RepositoryType_multidisciplinary,RepositoryType,"TTA-0976-007",,,A repository serving multiple disciplines.,다학제 리포지터리.,uncategorized,,Source: re3data.org type,https://committee.tta.or.kr/data/standard_view.jsp?pk_num=TTAK.KO-10.0976,다학제,multidisciplinary,
TTA-0976-CV-098,TTAK.KO-10.0976,2017,EnumerationValue,project-related,,tta0976cv:RepositoryType_project_related,RepositoryType,"TTA-0976-007",,,A repository for a specific project.,프로젝트 리포지터리.,uncategorized,,Source: re3data.org type,https://committee.tta.or.kr/data/standard_view.jsp?pk_num=TTAK.KO-10.0976,프로젝트,project-related,
TTA-0976-CV-099,TTAK.KO-10.0976,2017,EnumerationValue,other (RepositoryType),,tta0976cv:RepositoryType_other,RepositoryType,"TTA-0976-007",,,Other repository type not categorized.,기타 (위 분류에 없음).,uncategorized,,Source: re3data.org type,https://committee.tta.or.kr/data/standard_view.jsp?pk_num=TTAK.KO-10.0976,기타,other,
TTA-0976-CV-100,TTAK.KO-10.0976,2017,EnumerationValue,funding,,tta0976cv:ResponsibilityType_funding,ResponsibilityType,"TTA-0976-024 (Repository ResponsibilityType)",,,The institution funds the repository.,자금 지원 책임.,actor.contributor,,Source: re3data.org responsibilityType,https://committee.tta.or.kr/data/standard_view.jsp?pk_num=TTAK.KO-10.0976,자금 지원,funding,
TTA-0976-CV-101,TTAK.KO-10.0976,2017,EnumerationValue,general,,tta0976cv:ResponsibilityType_general,ResponsibilityType,"TTA-0976-024",,,General responsibility for the repository.,일반 책임.,actor.contributor,,Source: re3data.org responsibilityType,https://committee.tta.or.kr/data/standard_view.jsp?pk_num=TTAK.KO-10.0976,일반,general,
TTA-0976-CV-102,TTAK.KO-10.0976,2017,EnumerationValue,main,,tta0976cv:ResponsibilityType_main,ResponsibilityType,"TTA-0976-024",,,Main institutional responsibility.,주된 책임.,actor.contributor,,Source: re3data.org responsibilityType,https://committee.tta.or.kr/data/standard_view.jsp?pk_num=TTAK.KO-10.0976,주된,main,
TTA-0976-CV-103,TTAK.KO-10.0976,2017,EnumerationValue,sponsoring,,tta0976cv:ResponsibilityType_sponsoring,ResponsibilityType,"TTA-0976-024",,,Sponsoring responsibility.,후원 책임.,actor.contributor,,Source: re3data.org responsibilityType,https://committee.tta.or.kr/data/standard_view.jsp?pk_num=TTAK.KO-10.0976,후원,sponsoring,
TTA-0976-CV-104,TTAK.KO-10.0976,2017,EnumerationValue,technical,,tta0976cv:ResponsibilityType_technical,ResponsibilityType,"TTA-0976-024",,,Technical responsibility.,기술 책임.,actor.contributor,,Source: re3data.org responsibilityType,https://committee.tta.or.kr/data/standard_view.jsp?pk_num=TTAK.KO-10.0976,기술,technical,
TTA-0976-CV-105,TTAK.KO-10.0976,2017,EnumerationValue,other (ResponsibilityType),,tta0976cv:ResponsibilityType_other,ResponsibilityType,"TTA-0976-024",,,Other responsibility type not categorized.,기타 (위 분류에 없음).,actor.contributor,,Source: re3data.org responsibilityType,https://committee.tta.or.kr/data/standard_view.jsp?pk_num=TTAK.KO-10.0976,기타,other,
TTA-0976-CV-106,TTAK.KO-10.0976,2017,EnumerationValue,AlternativeTitle,,tta0976cv:TitleType_AlternativeTitle,TitleType,"TTA-0976-105, TTA-0976-205, TTA-0976-305 (TitleType × 3 layers + Repository R4.1)",,,An alternative title.,대체 제목.,identification.title,,Source: DataCite,https://committee.tta.or.kr/data/standard_view.jsp?pk_num=TTAK.KO-10.0976,대체 제목,AlternativeTitle,
TTA-0976-CV-107,TTAK.KO-10.0976,2017,EnumerationValue,Subtitle,,tta0976cv:TitleType_Subtitle,TitleType,"TTA-0976-105, TTA-0976-205, TTA-0976-305",,,A subtitle (secondary title).,부제목.,identification.title,,Source: DataCite,https://committee.tta.or.kr/data/standard_view.jsp?pk_num=TTAK.KO-10.0976,부제,Subtitle,
TTA-0976-CV-108,TTAK.KO-10.0976,2017,EnumerationValue,TranslatedTitle,,tta0976cv:TitleType_TranslatedTitle,TitleType,"TTA-0976-105, TTA-0976-205, TTA-0976-305",,,A title in another language.,번역된 제목.,identification.title,,Source: DataCite,https://committee.tta.or.kr/data/standard_view.jsp?pk_num=TTAK.KO-10.0976,번역 제목,TranslatedTitle,
TTA-0976-CV-109,TTAK.KO-10.0976,2017,EnumerationValue,other (TitleType),,tta0976cv:TitleType_other,TitleType,"TTA-0976-105, TTA-0976-205, TTA-0976-305",,,Other title type not categorized.,기타 (위 분류에 없음).,identification.title,,Source: DataCite,https://committee.tta.or.kr/data/standard_view.jsp?pk_num=TTAK.KO-10.0976,기타,other,
TTA-0976-CV-110,TTAK.KO-10.0976,2017,EnumerationValue,yes (Versioning),,tta0976cv:Versioning_yes,Versioning,"TTA-0976-020 (Repository Versioning)",,,Repository supports versioning.,버전관리 지원.,uncategorized,,Source: re3data.org versioning,https://committee.tta.or.kr/data/standard_view.jsp?pk_num=TTAK.KO-10.0976,지원,yes,
TTA-0976-CV-111,TTAK.KO-10.0976,2017,EnumerationValue,no (Versioning),,tta0976cv:Versioning_no,Versioning,"TTA-0976-020",,,Repository does not support versioning.,버전관리 미지원.,uncategorized,,Source: re3data.org versioning,https://committee.tta.or.kr/data/standard_view.jsp?pk_num=TTAK.KO-10.0976,미지원,no,
TTA-0976-CV-112,TTAK.KO-10.0976,2017,EnumerationValue,unknown (Versioning),,tta0976cv:Versioning_unknown,Versioning,"TTA-0976-020",,,Versioning support unknown.,버전관리 여부 불명.,uncategorized,,Source: re3data.org versioning,https://committee.tta.or.kr/data/standard_view.jsp?pk_num=TTAK.KO-10.0976,불명,unknown,
TTA-0976-CV-113,TTAK.KO-10.0976,2017,EnumerationValue,(alias) DatasetAccessType -> CollectionAccessType,,tta0976cv:DatasetAccessType_ALIAS,DatasetAccessType,"TTA-0976-221",,,Alias category. Values inherited from CollectionAccessType (CV-007 to CV-010).,별칭 카테고리. CollectionAccessType (CV-007~010) 값 상속.,rights.access,,"Alias entry. 실제 값은 CV-007 (open), CV-008 (embargoed), CV-009 (restricted), CV-010 (closed) 사용",https://committee.tta.or.kr/data/standard_view.jsp?pk_num=TTAK.KO-10.0976,Dataset 접근 유형 (별칭),DatasetAccessType,
TTA-0976-CV-114,TTAK.KO-10.0976,2017,EnumerationValue,(alias) DatasetAccessRestrictionType -> CollectionAccessRestrictionType,,tta0976cv:DatasetAccessRestrictionType_ALIAS,DatasetAccessRestrictionType,"TTA-0976-222",,,Alias category. Values inherited from CollectionAccessRestrictionType (CV-001 to CV-006).,별칭 카테고리. CollectionAccessRestrictionType (CV-001~006) 값 상속.,rights.access,,Alias entry. 실제 값은 CV-001~006 사용,https://committee.tta.or.kr/data/standard_view.jsp?pk_num=TTAK.KO-10.0976,Dataset 접근 제한 (별칭),DatasetAccessRestrictionType,
TTA-0976-CV-115,TTAK.KO-10.0976,2017,EnumerationValue,(alias) FileAccessType -> CollectionAccessType,,tta0976cv:FileAccessType_ALIAS,FileAccessType,"TTA-0976-321",,,Alias category. Values inherited from CollectionAccessType (CV-007 to CV-010).,별칭 카테고리. CollectionAccessType 값 상속.,rights.access,,Alias entry,https://committee.tta.or.kr/data/standard_view.jsp?pk_num=TTAK.KO-10.0976,File 접근 유형 (별칭),FileAccessType,
TTA-0976-CV-116,TTAK.KO-10.0976,2017,EnumerationValue,(alias) FileAccessRestrictionType -> CollectionAccessRestrictionType,,tta0976cv:FileAccessRestrictionType_ALIAS,FileAccessRestrictionType,"TTA-0976-322",,,Alias category. Values inherited from CollectionAccessRestrictionType (CV-001 to CV-006).,별칭 카테고리. CollectionAccessRestrictionType 값 상속.,rights.access,,Alias entry,https://committee.tta.or.kr/data/standard_view.jsp?pk_num=TTAK.KO-10.0976,File 접근 제한 (별칭),FileAccessRestrictionType,
TTA-0976-CV-117,TTAK.KO-10.0976,2017,EnumerationValue,(alias) FileDateType -> DatasetDateType,,tta0976cv:FileDateType_ALIAS,FileDateType,"TTA-0976-312",,,Alias category. Values inherited from DatasetDateType (CV-040 to CV-048).,별칭 카테고리. DatasetDateType 값 상속.,temporal.coverage,,Alias entry,https://committee.tta.or.kr/data/standard_view.jsp?pk_num=TTAK.KO-10.0976,File 날짜 유형 (별칭),FileDateType,
